timestamp_utc,service,heap_used_mb,gc_overhead_pct,jvm_threads_live,hikari_active,hikari_pending,process_cpu_time_ns,cpu_count
2026-09-28T21:14:50.0594344+00:00,inventory-service,45.613998413085938,0.057155854928609383,31,0,0,8843750000,12
2026-09-28T21:14:51.5837049+00:00,inventory-service,61.613998413085938,0.052088939224553009,31,0,0,9312500000,12
2026-09-28T21:14:53.0929224+00:00,inventory-service,40.672775268554688,0.053216933283325031,31,0,0,9750000000,12
2026-09-28T21:14:54.6496363+00:00,inventory-service,52.672775268554688,0.04926376728442676,31,0,0,10656250000,12
2026-09-28T21:14:56.3294648+00:00,inventory-service,39.889625549316406,0.054904424162811168,31,0,0,11281250000,12
2026-09-28T21:14:57.7975776+00:00,inventory-service,50.120803833007813,0.055261209791667452,32,10,0,12125000000,12
2026-09-28T21:14:59.5496841+00:00,inventory-service,70.120803833007813,0.05200509088235665,32,10,0,13125000000,12
2026-09-28T21:15:01.0511225+00:00,inventory-service,72.039604187011719,0.056065451944860255,32,10,0,13671875000,12
2026-09-28T21:15:02.5432572+00:00,inventory-service,63.81610107421875,0.060159360518171112,32,10,0,14203125000,12
2026-09-28T21:15:04.2102209+00:00,inventory-service,59.829803466796875,0.060503276743184446,32,10,0,15046875000,12
2026-09-28T21:15:05.6985998+00:00,inventory-service,59.748725891113281,0.060481710594925672,32,10,0,15859375000,12
2026-09-28T21:15:07.1520826+00:00,inventory-service,79.748725891113281,0.057759010638975684,32,10,0,16468750000,12
2026-09-28T21:15:08.7416774+00:00,inventory-service,67.022605895996094,0.058209794952300956,32,10,0,16984375000,12
2026-09-28T21:15:10.2174959+00:00,inventory-service,67.127815246582031,0.058418673928593734,32,10,0,18250000000,12
2026-09-28T21:15:11.7086486+00:00,inventory-service,59.160209655761719,0.058787256888338704,32,10,0,18781250000,12
2026-09-28T21:15:13.1750021+00:00,inventory-service,75.160209655761719,0.056533474597123892,32,10,0,19203125000,12
2026-09-28T21:15:14.6322866+00:00,inventory-service,74.612876892089844,0.059442923509182864,32,10,0,20015625000,12
2026-09-28T21:15:16.1209332+00:00,inventory-service,58.729209899902344,0.05977339575719303,32,10,0,20531250000,12
2026-09-28T21:15:17.5742169+00:00,inventory-service,78.729209899902344,0.057716075260894097,32,10,0,20937500000,12
2026-09-28T21:15:19.2362893+00:00,inventory-service,62.56842041015625,0.05806491147471611,32,10,0,21531250000,12
2026-09-28T21:15:20.7186195+00:00,inventory-service,58.182266235351563,0.060294073360681932,32,10,0,22343750000,12
2026-09-28T21:15:22.1875667+00:00,inventory-service,82.182266235351563,0.058425219771941532,32,10,0,22765625000,12
2026-09-28T21:15:23.6428432+00:00,inventory-service,62.108177185058594,0.060745275770046292,32,10,0,23296875000,12
2026-09-28T21:15:25.0797931+00:00,inventory-service,58.194923400878906,0.060981043234220038,32,10,0,24140625000,12
2026-09-28T21:15:26.5359909+00:00,inventory-service,82.194923400878906,0.05929434484948673,32,10,0,24593750000,12
2026-09-28T21:15:27.9858187+00:00,inventory-service,61.587936401367188,0.061405388246899277,32,10,0,25062500000,12
2026-09-28T21:15:29.5042527+00:00,inventory-service,81.587936401367188,0.0597940673837501,32,10,0,25953125000,12
2026-09-28T21:15:30.9575046+00:00,inventory-service,81.397911071777344,0.059962556980918832,32,10,0,26437500000,12
2026-09-28T21:15:32.3853728+00:00,inventory-service,61.608169555664063,0.061899049850616443,32,10,0,27031250000,12
2026-09-28T21:15:33.8554053+00:00,inventory-service,48.354812622070313,0.063766990744050137,32,10,0,27687500000,12
2026-09-28T21:15:35.3028066+00:00,inventory-service,80.354812622070313,0.062241947547131818,32,10,0,28703125000,12
2026-09-28T21:15:36.7347974+00:00,inventory-service,56.504837036132813,0.064001948321710037,32,10,0,29265625000,12
2026-09-28T21:15:38.2054086+00:00,inventory-service,80.504837036132813,0.062570027788506885,32,10,0,29671875000,12
2026-09-28T21:15:39.6702461+00:00,inventory-service,76.508529663085938,0.064209285579970368,32,10,0,30546875000,12
2026-09-28T21:15:41.1225764+00:00,inventory-service,55.829490661621094,0.065796981997411866,32,10,0,31031250000,12
2026-09-28T21:15:42.5802782+00:00,inventory-service,79.829490661621094,0.064407333524388891,32,10,0,31515625000,12
2026-09-28T21:15:44.2406109+00:00,inventory-service,59.837905883789063,0.064495201425873672,32,10,0,32328125000,12
2026-09-28T21:15:45.6764027+00:00,inventory-service,51.866653442382813,0.064389723516028341,32,10,0,33078125000,12
2026-09-28T21:15:47.1197817+00:00,inventory-service,75.866653442382813,0.063125059363286121,32,10,0,33500000000,12
2026-09-28T21:15:48.6791062+00:00,inventory-service,55.065887451171875,0.064588493581128906,32,10,0,34171875000,12
2026-09-28T21:15:50.1719707+00:00,inventory-service,54.983444213867188,0.064572260478262936,32,10,0,35140625000,12
2026-09-28T21:15:51.6583883+00:00,inventory-service,74.983444213867188,0.063336378283576786,32,10,0,35640625000,12
2026-09-28T21:15:53.1271349+00:00,inventory-service,55.107383728027344,0.063407526162658642,32,10,0,36078125000,12
2026-09-28T21:15:54.5951378+00:00,inventory-service,54.4930419921875,0.063485314645480753,32,10,0,37031250000,12
2026-09-28T21:15:56.0646840+00:00,inventory-service,74.4930419921875,0.062348453602296149,32,10,0,37515625000,12
2026-09-28T21:15:57.5310725+00:00,inventory-service,54.53515625,0.06244667766760164,32,10,0,38031250000,12
2026-09-28T21:15:59.2084016+00:00,inventory-service,70.53515625,0.061367641114510152,32,10,0,38656250000,12
2026-09-28T21:16:00.6700992+00:00,inventory-service,62.615921020507813,0.061338307217316479,32,10,0,39765625000,12
2026-09-28T21:16:02.1275438+00:00,inventory-service,45.842353820800781,0.063735241693636632,32,10,0,40218750000,12
2026-09-28T21:16:03.5828103+00:00,inventory-service,61.842353820800781,0.062692516964751824,32,10,0,40781250000,12
2026-09-28T21:16:05.0440067+00:00,inventory-service,58.165641784667969,0.062787499485156273,32,10,0,41890625000,12
2026-09-28T21:16:06.5064977+00:00,inventory-service,78.165641784667969,0.061793770180402129,32,10,0,42468750000,12
2026-09-28T21:16:07.9602052+00:00,inventory-service,54.2437744140625,0.060827684934093032,32,10,0,42906250000,12
2026-09-28T21:16:09.5734315+00:00,inventory-service,78.2437744140625,0.059902689279319528,32,10,0,43796875000,12
2026-09-28T21:16:11.0383017+00:00,inventory-service,69.740592956542969,0.060968695139864339,32,10,0,44234375000,12
2026-09-28T21:16:12.4891081+00:00,inventory-service,53.832138061523438,0.061071646906928526,32,10,0,44984375000,12
2026-09-28T21:16:14.1713452+00:00,inventory-service,69.832138061523438,0.060186076932937101,32,10,0,45781250000,12
2026-09-28T21:16:15.6326638+00:00,inventory-service,61.918312072753906,0.060174440375731574,32,10,0,46406250000,12
2026-09-28T21:16:17.1145750+00:00,inventory-service,45.50286865234375,0.060292703454241522,32,10,0,46937500000,12
2026-09-28T21:16:18.5701899+00:00,inventory-service,61.50286865234375,0.059438517818648076,32,10,0,47359375000,12
2026-09-28T21:16:20.0039999+00:00,inventory-service,53.899017333984375,0.059564509068167515,32,10,0,48171875000,12
2026-09-28T21:16:21.5905085+00:00,inventory-service,77.899017333984375,0.058761978077754649,32,10,0,48718750000,12
2026-09-28T21:16:23.1062838+00:00,inventory-service,53.816352844238281,0.05882485215993391,32,10,0,49250000000,12
2026-09-28T21:16:24.5981706+00:00,inventory-service,77.816352844238281,0.05802278747971417,32,10,0,50234375000,12
2026-09-28T21:16:26.0480987+00:00,inventory-service,70.001594543457031,0.058142592466403298,32,10,0,50734375000,12
2026-09-28T21:16:27.5133605+00:00,inventory-service,50.095260620117188,0.05828202478225164,32,10,0,51296875000,12
2026-09-28T21:16:29.1474416+00:00,inventory-service,66.095260620117188,0.057532459436602179,32,10,0,52000000000,12
2026-09-28T21:16:30.6027599+00:00,inventory-service,62.025398254394531,0.057583762036420072,32,10,0,52609375000,12
2026-09-28T21:16:32.1987391+00:00,inventory-service,82.025398254394531,0.056877356456467749,32,10,0,53375000000,12
2026-09-28T21:16:33.6429501+00:00,inventory-service,61.879341125488281,0.057791026265389921,32,10,0,53921875000,12
2026-09-28T21:16:35.0932129+00:00,inventory-service,53.866989135742188,0.057925490909412188,32,10,0,54859375000,12
2026-09-28T21:16:36.5448280+00:00,inventory-service,73.866989135742188,0.057240026269475983,32,10,0,55328125000,12
2026-09-28T21:16:37.9846894+00:00,inventory-service,49.225051879882813,0.05737776911831409,32,10,0,55953125000,12
2026-09-28T21:16:39.6052992+00:00,inventory-service,69.225051879882813,0.056714795140041144,32,10,0,56875000000,12
